{"version": "0.4.1", "metrics": [{"metric": "DatasetDriftMetric", "result": {"drift_share": 0.5, "number_of_columns": 11, "number_of_drifted_columns": 0, "share_of_drifted_columns": 0.0, "dataset_drift": false}}, {"metric": "DataDriftTable", "result": {"number_of_columns": 11, "number_of_drifted_columns": 0, "share_of_drifted_columns": 0.0, "dataset_drift": false, "drift_by_columns": {"target": {"column_name": "target", "column_type": "cat", "stattest_name": "Jensen-Shannon distance", "stattest_threshold": 0.1, "drift_score": 0.0002632833951195704, "drift_detected": false, "current": {"small_distribution": {"x": [0, 1], "y": [796, 204]}}, "reference": {"small_distribution": {"x": [0, 1], "y": [7963, 2037]}}}, "Age": {"column_name": "Age", "column_type": "num", "stattest_name": "Wasserstein distance (normed)", "stattest_threshold": 0.1, "drift_score": 0.026355732469839743, "drift_detected": false, "current": {"small_distribution": {"x": [18.0, 24.4, 30.8, 37.2, 43.6, 50.0, 56.400000000000006, 62.800000000000004, 69.2, 75.6, 82.0], "y": [0.005625000000000001, 0.023437499999999993, 0.050468749999999986, 0.03531250000000001, 0.020000000000000004, 0.008749999999999992, 0.007343750000000002, 0.003437500000000001, 0.0014062500000000017, 0.0004687499999999996]}}, "reference": {"small_distribution": {"x": [18.0, 25.4, 32.8, 40.2, 47.6, 55.0, 62.400000000000006, 69.80000000000001, 77.2, 84.60000000000001, 92.0], "y": [0.008256756756756758, 0.029445945945945955, 0.0490405405405405, 0.02528378378378379, 0.01118918918918919, 0.007067567567567562, 0.0028108108108108086, 0.0017162162162162183, 0.00027027027027027006, 5.4054054054054115e-05]}}}, "Balance": {"column_name": "Balance", "column_type": "num", "stattest_name": "Wasserstein distance (normed)", "stattest_threshold": 0.1, "drift_score": 0.026160554245504133, "drift_detected": false, "current": {"small_distribution": {"x": [0.0, 21314.620000000003, 42629.240000000005, 63943.86000000001, 85258.48000000001, 106573.1, 127887.72000000002, 149202.34000000003, 170516.96000000002, 191831.58000000002, 213146.2], "y": [1.6467570146688044e-05, 2.8149692558441106e-07, 1.0790715480735757e-06, 2.861885410108179e-06, 5.39535774036788e-06, 8.491823921796397e-06, 7.0843392938743415e-06, 3.5656277240692077e-06, 1.4074846279220558e-06, 2.8149692558441116e-07]}}, "reference": {"small_distribution": {"x": [0.0, 25089.809, 50179.618, 75269.427, 100359.236, 125449.04500000001, 150538.854, 175628.663, 200718.472, 225808.28100000002, 250898.09], "y": [1.444012586943169e-05, 2.7501205768445664e-07, 1.4348455183536872e-06, 4.675204980635761e-06, 8.294204232483393e-06, 6.962986446010814e-06, 2.905562174666215e-06, 7.413368511494047e-07, 1.1957045986280722e-07, 7.971363990853824e-09]}}}, "CreditScore": {"column_name": "CreditScore", "column_type": "num", "stattest_name": "Wasserstein distance (normed)", "stattest_threshold": 0.1, "drift_score": 0.0390921879912725, "drift_detected": false, "current": {"small_distribution": {"x": [376.0, 423.4, 470.8, 518.2, 565.6, 613.0, 660.4, 707.8, 755.2, 802.5999999999999, 850.0], "y": [0.00016877637130801695, 0.0005274261603375524, 0.0016244725738396612, 0.002299578059071731, 0.00289029535864979, 0.0035864978902953606, 0.0037552742616033773, 0.0032278481012658167, 0.0018143459915611867, 0.001202531645569618]}}, "reference": {"small_distribution": {"x": [350.0, 400.0, 450.0, 500.0, 550.0, 600.0, 650.0, 700.0, 750.0, 800.0, 850.0], "y": [3.8e-05, 0.000332, 0.0008939999999999999, 0.001916, 0.002888, 0.003732, 0.003904, 0.00305, 0.001936, 0.00131]}}}, "EstimatedSalary": {"column_name": "EstimatedSalary", "column_type": "num", "stattest_name": "Wasserstein distance (normed)", "stattest_threshold": 0.1, "drift_score": 0.032238484301478826, "drift_detected": false, "current": {"small_distribution": {"x": [371.05, 20306.484, 40241.918000000005, 60177.352000000006, 80112.78600000001, 100048.22000000002, 119983.65400000001, 139919.088, 159854.522, 179789.956, 199725.39], "y": [5.768622845130936e-06, 4.715222151672242e-06, 4.263764711618518e-06, 5.718460907347189e-06, 5.0663557161584724e-06, 5.216841529509718e-06, 5.166679591725974e-06, 5.216841529509714e-06, 4.3139266494022635e-06, 4.7152221516722415e-06]}}, "reference": {"small_distribution": {"x": [11.58, 20009.670000000006, 40007.76000000001, 60005.85000000001, 80003.94000000002, 100002.03000000001, 120000.12000000002, 139998.21000000002, 159996.30000000002, 179994.39, 199992.48], "y": [4.935471337512731e-06, 4.840462264146225e-06, 5.030480410879238e-06, 5.135490439336956e-06, 5.010478500696818e-06, 5.135490439336954e-06, 5.035480888424845e-06, 4.9104689497847055e-06, 5.045481843516056e-06, 4.925470382421522e-06]}}}, "HasCrCard": {"column_name": "HasCrCard", "column_type": "num", "stattest_name": "Jensen-Shannon distance", "stattest_threshold": 0.1, "drift_score": 0.0019367327643581799, "drift_detected": false, "current": {"small_distribution": {"x": [0.0, 0.1, 0.2, 0.30000000000000004, 0.4, 0.5, 0.6000000000000001, 0.7000000000000001, 0.8, 0.9, 1.0], "y": [2.97, 0.0, 0.0, 0.0, 0.0, 0.0, 0.0, 0.0, 0.0, 7.030000000000002]}}, "reference": {"small_distribution": {"x": [0.0, 0.1, 0.2, 0.30000000000000004, 0.4, 0.5, 0.6000000000000001, 0.7000000000000001, 0.8, 0.9, 1.0], "y": [2.945, 0.0, 0.0, 0.0, 0.0, 0.0, 0.0, 0.0, 0.0, 7.0550000000000015]}}}, "IsActiveMember": {"column_name": "IsActiveMember", "column_type": "num", "stattest_name": "Jensen-Shannon distance", "stattest_threshold": 0.1, "drift_score": 0.0043146179478921265, "drift_detected": false, "current": {"small_distribution": {"x": [0.0, 0.1, 0.2, 0.30000000000000004, 0.4, 0.5, 0.6000000000000001, 0.7000000000000001, 0.8, 0.9, 1.0], "y": [4.91, 0.0, 0.0, 0.0, 0.0, 0.0, 0.0, 0.0, 0.0, 5.090000000000001]}}, "reference": {"small_distribution": {"x": [0.0, 0.1, 0.2, 0.30000000000000004, 0.4, 0.5, 0.6000000000000001, 0.7000000000000001, 0.8, 0.9, 1.0], "y": [4.849, 0.0, 0.0, 0.0, 0.0, 0.0, 0.0, 0.0, 0.0, 5.151000000000002]}}}, "NumOfProducts": {"column_name": "NumOfProducts", "column_type": "num", "stattest_name": "Jensen-Shannon distance", "stattest_threshold": 0.1, "drift_score": 0.027793567069129933, "drift_detected": false, "current": {"small_distribution": {"x": [1.0, 1.3, 1.6, 1.9, 2.2, 2.5, 2.8, 3.1, 3.4, 3.6999999999999997, 4.0], "y": [1.7099999999999997, 0.0, 0.0, 1.5033333333333319, 0.0, 0.0, 0.11333333333333323, 0.0, 0.0, 0.006666666666666661]}}, "reference": {"small_distribution": {"x": [1.0, 1.3, 1.6, 1.9, 2.2, 2.5, 2.8, 3.1, 3.4, 3.6999999999999997, 4.0], "y": [1.6946666666666663, 0.0, 0.0, 1.5299999999999987, 0.0, 0.0, 0.08866666666666659, 0.0, 0.0, 0.019999999999999983]}}}, "Tenure": {"column_name": "Tenure", "column_type": "num", "stattest_name": "Wasserstein distance (normed)", "stattest_threshold": 0.1, "drift_score": 0.02455023142093637, "drift_detected": false, "current": {"small_distribution": {"x": [0.0, 1.0, 2.0, 3.0, 4.0, 5.0, 6.0, 7.0, 8.0, 9.0, 10.0], "y": [0.038, 0.104, 0.111, 0.103, 0.087, 0.1, 0.094, 0.095, 0.108, 0.16]}}, "reference": {"small_distribution": {"x": [0.0, 1.0, 2.0, 3.0, 4.0, 5.0, 6.0, 7.0, 8.0, 9.0, 10.0], "y": [0.0413, 0.1035, 0.1048, 0.1009, 0.0989, 0.1012, 0.0967, 0.1028, 0.1025, 0.1474]}}}, "Gender": {"column_name": "Gender", "column_type": "cat", "stattest_name": "Jensen-Shannon distance", "stattest_threshold": 0.1, "drift_score": 0.00900832131686588, "drift_detected": false, "current": {"small_distribution": {"x": ["Female", "Male"], "y": [467, 533]}}, "reference": {"small_distribution": {"x": ["Female", "Male"], "y": [4543, 5457]}}}, "Geography": {"column_name": "Geography", "column_type": "cat", "stattest_name": "Jensen-Shannon distance", "stattest_threshold": 0.1, "drift_score": 0.013815205529452198, "drift_detected": false, "current": {"small_distribution": {"x": ["France", "Germany", "Spain"], "y": [482, 259, 259]}}, "reference": {"small_distribution": {"x": ["France", "Germany", "Spain"], "y": [5014, 2509, 2477]}}}}}}, {"metric": "ColumnDriftMetric",